{
  "per_run": [
    {
      "run_name": "phase_entanglement_nodes1000_s16.json",
      "correlations": {
        "pairwise_correlation": {
          "pearson_r": 0.0015623582123632518,
          "pearson_p": 0.9927845802819538,
          "spearman_r": -0.10990990990990991,
          "spearman_p": 0.5233930887934501
        },
        "mutual_info": {
          "pearson_r": -0.05285261400625919,
          "pearson_p": 0.759499465664575,
          "spearman_r": 0.09395109395109397,
          "spearman_p": 0.5857395259429637
        },
        "bipartition_entropy": {
          "pearson_r": -0.05281503437389047,
          "pearson_p": 0.7596654302089244,
          "spearman_r": 0.08751608751608753,
          "spearman_p": 0.6117755602203854
        },
        "chsh_proxy": {
          "pearson_r": 0.13121535435144605,
          "pearson_p": 0.44557414075473906,
          "spearman_r": 0.19510939510939512,
          "spearman_p": 0.2541434563340792
        }
      }
    },
    {
      "run_name": "phase_entanglement_nodes160_s16.json",
      "correlations": {
        "pairwise_correlation": {
          "pearson_r": -0.07083576304200359,
          "pearson_p": 0.6814161303391297,
          "spearman_r": -0.05173745173745174,
          "spearman_p": 0.7644288749478402
        },
        "mutual_info": {
          "pearson_r": 0.07138108681522444,
          "pearson_p": 0.6790938413126928,
          "spearman_r": 0.12483912483912483,
          "spearman_p": 0.46817883801884397
        },
        "bipartition_entropy": {
          "pearson_r": 0.06935124715576552,
          "pearson_p": 0.687752588065301,
          "spearman_r": 0.06795366795366796,
          "spearman_p": 0.6937371763828443
        },
        "chsh_proxy": {
          "pearson_r": -0.018400487720150963,
          "pearson_p": 0.9151733663104865,
          "spearman_r": -0.054568854568854575,
          "spearman_p": 0.7519313401584009
        }
      }
    },
    {
      "run_name": "phase_entanglement_nodes320_s16.json",
      "correlations": {
        "pairwise_correlation": {
          "pearson_r": 0.0727523978026927,
          "pearson_p": 0.6732669261743492,
          "spearman_r": 0.04890604890604891,
          "spearman_p": 0.7769852884778079
        },
        "mutual_info": {
          "pearson_r": -0.03287093214733412,
          "pearson_p": 0.8490611891604577,
          "spearman_r": -0.11866151866151867,
          "spearman_p": 0.4906446326689292
        },
        "bipartition_entropy": {
          "pearson_r": -0.03407880954883052,
          "pearson_p": 0.8435819808228674,
          "spearman_r": -0.11480051480051481,
          "spearman_p": 0.5049614567750784
        },
        "chsh_proxy": {
          "pearson_r": 0.0823187687706641,
          "pearson_p": 0.6331534673732936,
          "spearman_r": 0.10244530244530246,
          "spearman_p": 0.5521465174318699
        }
      }
    },
    {
      "run_name": "phase_entanglement_nodes640_s16.json",
      "correlations": {
        "pairwise_correlation": {
          "pearson_r": 0.12250809109561639,
          "pearson_p": 0.47659144584738267,
          "spearman_r": 0.19099099099099098,
          "spearman_p": 0.2645020558178085
        },
        "mutual_info": {
          "pearson_r": -0.11154634250840535,
          "pearson_p": 0.5171892430758014,
          "spearman_r": -0.17323037323037324,
          "spearman_p": 0.31232023093204064
        },
        "bipartition_entropy": {
          "pearson_r": -0.11113322277642033,
          "pearson_p": 0.5187519736480039,
          "spearman_r": -0.18841698841698845,
          "spearman_p": 0.27111535224058275
        },
        "chsh_proxy": {
          "pearson_r": 0.028947897151582955,
          "pearson_p": 0.8669037932812917,
          "spearman_r": 0.07438867438867439,
          "spearman_p": 0.6663385871267641
        }
      }
    },
    {
      "run_name": "phase_entanglement_nodes80_s16.json",
      "correlations": {
        "pairwise_correlation": {
          "pearson_r": 0.44780108533868124,
          "pearson_p": 0.006169030192970536,
          "spearman_r": 0.31145431145431146,
          "spearman_p": 0.06444805499788918
        },
        "mutual_info": {
          "pearson_r": -0.3990289676178225,
          "pearson_p": 0.015918913739709953,
          "spearman_r": -0.30424710424710427,
          "spearman_p": 0.07121592462430924
        },
        "bipartition_entropy": {
          "pearson_r": -0.3923640212455785,
          "pearson_p": 0.017938024984876143,
          "spearman_r": -0.2898326898326899,
          "spearman_p": 0.08641015910990515
        },
        "chsh_proxy": {
          "pearson_r": 0.03132849334157672,
          "pearson_p": 0.8560681495038512,
          "spearman_r": 0.07696267696267697,
          "spearman_p": 0.6554947221058658
        }
      }
    }
  ],
  "aggregate": {
    "pairwise_correlation": {
      "pearson_r": 0.21030711979560854,
      "spearman_r": 0.24894183976871714
    },
    "mutual_info": {
      "pearson_r": -0.24946448774200727,
      "spearman_r": -0.30413695895963866
    },
    "bipartition_entropy": {
      "pearson_r": -0.30992973999124973,
      "spearman_r": -0.3530911447884194
    },
    "chsh_proxy": {
      "pearson_r": -0.05263439352194649,
      "spearman_r": 0.00713190736339599
    }
  }
}