{
  "per_run": [
    {
      "run_name": "phase_entanglement_nodes1000_s32.json",
      "correlations": {
        "pairwise_correlation": {
          "pearson_r": -0.043383683083723604,
          "pearson_p": 0.8016333767890271,
          "spearman_r": -0.0972972972972973,
          "spearman_p": 0.5723980761996779
        },
        "mutual_info": {
          "pearson_r": 0.011266159344767816,
          "pearson_p": 0.9480041593053137,
          "spearman_r": 0.07207207207207207,
          "spearman_p": 0.6761554214137167
        },
        "bipartition_entropy": {
          "pearson_r": 0.011227057432570046,
          "pearson_p": 0.9481843804159348,
          "spearman_r": 0.07953667953667955,
          "spearman_p": 0.6447197878273412
        },
        "chsh_proxy": {
          "pearson_r": 0.013509384859387977,
          "pearson_p": 0.9376696404083816,
          "spearman_r": 0.09163449163449164,
          "spearman_p": 0.5950558551832523
        }
      }
    },
    {
      "run_name": "phase_entanglement_nodes160_s32.json",
      "correlations": {
        "pairwise_correlation": {
          "pearson_r": 0.1465161345505695,
          "pearson_p": 0.39383277925571936,
          "spearman_r": 0.1966537966537967,
          "spearman_p": 0.2503294790796865
        },
        "mutual_info": {
          "pearson_r": -0.12541437436557087,
          "pearson_p": 0.4661149400907528,
          "spearman_r": -0.16962676962676965,
          "spearman_p": 0.32264677957473487
        },
        "bipartition_entropy": {
          "pearson_r": -0.12607701060694038,
          "pearson_p": 0.4637435069559061,
          "spearman_r": -0.19536679536679535,
          "spearman_p": 0.2535051266973359
        },
        "chsh_proxy": {
          "pearson_r": 0.1073415853462392,
          "pearson_p": 0.5332027678454014,
          "spearman_r": 0.15263835263835265,
          "spearman_p": 0.3741468022810348
        }
      }
    },
    {
      "run_name": "phase_entanglement_nodes320_s32.json",
      "correlations": {
        "pairwise_correlation": {
          "pearson_r": -0.08359911657713696,
          "pearson_p": 0.6278589522257795,
          "spearman_r": -0.09935649935649937,
          "spearman_p": 0.564257116755109
        },
        "mutual_info": {
          "pearson_r": 0.10446432018349044,
          "pearson_p": 0.5442968193843423,
          "spearman_r": 0.07541827541827544,
          "spearman_p": 0.6619928909754593
        },
        "bipartition_entropy": {
          "pearson_r": 0.10392770267275235,
          "pearson_p": 0.5463779436793978,
          "spearman_r": 0.06743886743886744,
          "spearman_p": 0.6959462380344117
        },
        "chsh_proxy": {
          "pearson_r": -0.049766379936703756,
          "pearson_p": 0.773163931462996,
          "spearman_r": -0.028056628056628057,
          "spearman_p": 0.8709668020072409
        }
      }
    },
    {
      "run_name": "phase_entanglement_nodes640_s32.json",
      "correlations": {
        "pairwise_correlation": {
          "pearson_r": -0.3291751859998089,
          "pearson_p": 0.04995270007619556,
          "spearman_r": -0.29111969111969116,
          "spearman_p": 0.08495958812955566
        },
        "mutual_info": {
          "pearson_r": 0.3565060804863845,
          "pearson_p": 0.03282384734239145,
          "spearman_r": 0.28957528957528955,
          "spearman_p": 0.0867025517157281
        },
        "bipartition_entropy": {
          "pearson_r": 0.3566169398136065,
          "pearson_p": 0.03276571693899394,
          "spearman_r": 0.2676962676962677,
          "spearman_p": 0.11446102111519443
        },
        "chsh_proxy": {
          "pearson_r": -0.353185449162903,
          "pearson_p": 0.0346045283733261,
          "spearman_r": -0.3505791505791506,
          "spearman_p": 0.03605667200642275
        }
      }
    },
    {
      "run_name": "phase_entanglement_nodes80_s32.json",
      "correlations": {
        "pairwise_correlation": {
          "pearson_r": 0.3432304417070031,
          "pearson_p": 0.040420044755733554,
          "spearman_r": 0.2893178893178894,
          "spearman_p": 0.08699570655404702
        },
        "mutual_info": {
          "pearson_r": -0.3136984537683328,
          "pearson_p": 0.06244759969576405,
          "spearman_r": -0.18764478764478768,
          "spearman_p": 0.2731202524338388
        },
        "bipartition_entropy": {
          "pearson_r": -0.3066611163256391,
          "pearson_p": 0.06888979060750715,
          "spearman_r": -0.17039897039897042,
          "spearman_p": 0.32041624589470263
        },
        "chsh_proxy": {
          "pearson_r": -0.10023847843475939,
          "pearson_p": 0.5607866195046847,
          "spearman_r": -0.1425997425997426,
          "spearman_p": 0.4067337871678244
        }
      }
    }
  ],
  "aggregate": {
    "pairwise_correlation": {
      "pearson_r": 0.22053700551646427,
      "spearman_r": 0.2664938218257765
    },
    "mutual_info": {
      "pearson_r": -0.2557306344175708,
      "spearman_r": -0.3006491969916767
    },
    "bipartition_entropy": {
      "pearson_r": -0.31550410949616847,
      "spearman_r": -0.33468522691029556
    },
    "chsh_proxy": {
      "pearson_r": -0.06622871106978459,
      "spearman_r": -0.06668930111011656
    }
  }
}