{
  "per_run": [
    {
      "run_name": "phase_entanglement_nodes1000_s8.json",
      "correlations": {
        "pairwise_correlation": {
          "pearson_r": -0.9901635873711758,
          "pearson_p": 1.2485155507855268e-30,
          "spearman_r": -0.9824967824967825,
          "spearman_p": 2.1176803448380956e-26
        },
        "mutual_info": {
          "pearson_r": 0.9581968810392285,
          "pearson_p": 4.7053210591692707e-20,
          "spearman_r": 0.9670527670527671,
          "spearman_p": 8.800746908888367e-22
        },
        "bipartition_entropy": {
          "pearson_r": 0.9587863605060343,
          "pearson_p": 3.71286461358006e-20,
          "spearman_r": 0.968854568854569,
          "spearman_p": 3.43004732971528e-22
        },
        "chsh_proxy": {
          "pearson_r": -0.9648011590969856,
          "pearson_p": 2.6611928990305504e-21,
          "spearman_r": -0.9786357786357787,
          "spearman_p": 6.091937620263066e-25
        }
      }
    },
    {
      "run_name": "phase_entanglement_nodes160_s8.json",
      "correlations": {
        "pairwise_correlation": {
          "pearson_r": -0.9622726093394974,
          "pearson_p": 8.48836315519453e-21,
          "spearman_r": -0.9166023166023166,
          "spearman_p": 4.277808565107464e-15
        },
        "mutual_info": {
          "pearson_r": 0.9266073569710689,
          "pearson_p": 5.268946001579647e-16,
          "spearman_r": 0.8113256113256113,
          "spearman_p": 1.9534830268668423e-09
        },
        "bipartition_entropy": {
          "pearson_r": 0.9276684933077252,
          "pearson_p": 4.1476123938107993e-16,
          "spearman_r": 0.8172458172458172,
          "spearman_p": 1.1929343972765909e-09
        },
        "chsh_proxy": {
          "pearson_r": -0.9844199016013997,
          "pearson_p": 2.971032098695004e-27,
          "spearman_r": -0.9510939510939511,
          "spearman_p": 6.4182007519562875e-19
        }
      }
    },
    {
      "run_name": "phase_entanglement_nodes320_s8.json",
      "correlations": {
        "pairwise_correlation": {
          "pearson_r": -0.9633308024288791,
          "pearson_p": 5.276113562085251e-21,
          "spearman_r": -0.9307593307593309,
          "spearman_p": 2.022305733265623e-16
        },
        "mutual_info": {
          "pearson_r": 0.9308603984112154,
          "pearson_p": 1.9742609302675169e-16,
          "spearman_r": 0.9397683397683398,
          "spearman_p": 2.0284971976769132e-17
        },
        "bipartition_entropy": {
          "pearson_r": 0.9315425780998172,
          "pearson_p": 1.676898220054902e-16,
          "spearman_r": 0.9382239382239383,
          "spearman_p": 3.08237500540882e-17
        },
        "chsh_proxy": {
          "pearson_r": -0.9671545854294527,
          "pearson_p": 8.356170089999516e-22,
          "spearman_r": -0.9302445302445304,
          "spearman_p": 2.2845062744368364e-16
        }
      }
    },
    {
      "run_name": "phase_entanglement_nodes640_s8.json",
      "correlations": {
        "pairwise_correlation": {
          "pearson_r": -0.9967439268188942,
          "pearson_p": 9.028720523128396e-39,
          "spearman_r": -0.9963963963963964,
          "spearman_p": 5.049084311904556e-38
        },
        "mutual_info": {
          "pearson_r": 0.9499757430653565,
          "pearson_p": 9.344753032869812e-19,
          "spearman_r": 0.976833976833977,
          "spearman_p": 2.3800078952930452e-24
        },
        "bipartition_entropy": {
          "pearson_r": 0.9510694359128338,
          "pearson_p": 6.471888187885665e-19,
          "spearman_r": 0.9770913770913772,
          "spearman_p": 1.972147131709144e-24
        },
        "chsh_proxy": {
          "pearson_r": -0.9265531147115265,
          "pearson_p": 5.3332781365766455e-16,
          "spearman_r": -0.9786357786357787,
          "spearman_p": 6.091937620263066e-25
        }
      }
    },
    {
      "run_name": "phase_entanglement_nodes80_s8.json",
      "correlations": {
        "pairwise_correlation": {
          "pearson_r": -0.9829706867307784,
          "pearson_p": 1.3328300937296993e-26,
          "spearman_r": -0.8772765318378414,
          "spearman_p": 2.228833326708993e-12
        },
        "mutual_info": {
          "pearson_r": 0.9365617036653171,
          "pearson_p": 4.7786507685835953e-17,
          "spearman_r": 0.889503830917154,
          "spearman_p": 4.126145166527368e-13
        },
        "bipartition_entropy": {
          "pearson_r": 0.9367809252178493,
          "pearson_p": 4.513238707383203e-17,
          "spearman_r": 0.8882167468035423,
          "spearman_p": 4.97280771879435e-13
        },
        "chsh_proxy": {
          "pearson_r": -0.9381806270834322,
          "pearson_p": 3.118269909559215e-17,
          "spearman_r": -0.8156252027958335,
          "spearman_p": 1.3677474143101336e-09
        }
      }
    }
  ],
  "aggregate": {
    "pairwise_correlation": {
      "pearson_r": -0.9798976639653499,
      "spearman_r": -0.9546822199669049
    },
    "mutual_info": {
      "pearson_r": 0.940223773114393,
      "spearman_r": 0.9200504748349803
    },
    "bipartition_entropy": {
      "pearson_r": 0.9408054526218608,
      "spearman_r": 0.9189948861565287
    },
    "chsh_proxy": {
      "pearson_r": -0.9466647771011591,
      "spearman_r": -0.9411200660104263
    }
  }
}