{
  "per_run": [
    {
      "run_name": "phase_entanglement_nodes1000_s8.json",
      "correlations": {
        "pairwise_correlation": {
          "pearson_r": 0.22922089069464507,
          "pearson_p": 0.17869851600109454,
          "spearman_r": 0.2136422136422137,
          "spearman_p": 0.2108908826288139
        },
        "mutual_info": {
          "pearson_r": -0.25387819334116196,
          "pearson_p": 0.13514601329184295,
          "spearman_r": -0.17863577863577867,
          "spearman_p": 0.29722514442101167
        },
        "bipartition_entropy": {
          "pearson_r": -0.25399319681260346,
          "pearson_p": 0.13496319399555712,
          "spearman_r": -0.19562419562419564,
          "spearman_p": 0.2528678641289918
        },
        "chsh_proxy": {
          "pearson_r": 0.22166095954669818,
          "pearson_p": 0.1938542314301694,
          "spearman_r": 0.23011583011583012,
          "spearman_p": 0.17696178579280186
        }
      }
    },
    {
      "run_name": "phase_entanglement_nodes160_s8.json",
      "correlations": {
        "pairwise_correlation": {
          "pearson_r": 0.0030954435988443454,
          "pearson_p": 0.9857048953132239,
          "spearman_r": 0.004633204633204633,
          "spearman_p": 0.9786046990181331
        },
        "mutual_info": {
          "pearson_r": -0.003328946441216743,
          "pearson_p": 0.9846266760674599,
          "spearman_r": 0.05276705276705277,
          "spearman_p": 0.7598773488034517
        },
        "bipartition_entropy": {
          "pearson_r": -0.0014259604137965148,
          "pearson_p": 0.9934144902417441,
          "spearman_r": 0.046846846846846854,
          "spearman_p": 0.7861525054259539
        },
        "chsh_proxy": {
          "pearson_r": -0.13861188907190353,
          "pearson_p": 0.4201142149533417,
          "spearman_r": -0.1407979407979408,
          "spearman_p": 0.41274902856769036
        }
      }
    },
    {
      "run_name": "phase_entanglement_nodes320_s8.json",
      "correlations": {
        "pairwise_correlation": {
          "pearson_r": -0.2727842217325084,
          "pearson_p": 0.10747701990554485,
          "spearman_r": -0.2653796653796654,
          "spearman_p": 0.11775162853706908
        },
        "mutual_info": {
          "pearson_r": 0.3158790269283204,
          "pearson_p": 0.06055110426224693,
          "spearman_r": 0.28005148005148006,
          "spearman_p": 0.09806684468519382
        },
        "bipartition_entropy": {
          "pearson_r": 0.3174679006878977,
          "pearson_p": 0.05919815426146262,
          "spearman_r": 0.32329472329472336,
          "spearman_p": 0.054440349629017726
        },
        "chsh_proxy": {
          "pearson_r": -0.29365623177149996,
          "pearson_p": 0.08215579681614958,
          "spearman_r": -0.32715572715572716,
          "spearman_p": 0.0514591709968415
        }
      }
    },
    {
      "run_name": "phase_entanglement_nodes640_s8.json",
      "correlations": {
        "pairwise_correlation": {
          "pearson_r": 0.267724498364456,
          "pearson_p": 0.11442135181158826,
          "spearman_r": 0.2998712998712999,
          "spearman_p": 0.07558870990519917
        },
        "mutual_info": {
          "pearson_r": -0.1865607021659319,
          "pearson_p": 0.2759512121396248,
          "spearman_r": -0.30193050193050197,
          "spearman_p": 0.0735055707778601
        },
        "bipartition_entropy": {
          "pearson_r": -0.18790145222141186,
          "pearson_p": 0.2724527909833922,
          "spearman_r": -0.29961389961389956,
          "spearman_p": 0.07585230460031304
        },
        "chsh_proxy": {
          "pearson_r": 0.054523171681910815,
          "pearson_p": 0.7521324971283545,
          "spearman_r": -0.06126126126126127,
          "spearman_p": 0.7226426908278502
        }
      }
    },
    {
      "run_name": "phase_entanglement_nodes80_s8.json",
      "correlations": {
        "pairwise_correlation": {
          "pearson_r": 0.4325252135152839,
          "pearson_p": 0.008423803585654446,
          "spearman_r": 0.47567567567567565,
          "spearman_p": 0.0033664100501976245
        },
        "mutual_info": {
          "pearson_r": -0.42240065509176966,
          "pearson_p": 0.01027807037506078,
          "spearman_r": -0.3839371910904168,
          "spearman_p": 0.02079336601620225
        },
        "bipartition_entropy": {
          "pearson_r": -0.4170272519177065,
          "pearson_p": 0.011395791858736896,
          "spearman_r": -0.3871299871299871,
          "spearman_p": 0.01966997616445878
        },
        "chsh_proxy": {
          "pearson_r": 0.09891590019074187,
          "pearson_p": 0.5659945198310792,
          "spearman_r": 0.19356499356499354,
          "spearman_p": 0.25799585717848433
        }
      }
    }
  ],
  "aggregate": {
    "pairwise_correlation": {
      "pearson_r": 0.33207661835164126,
      "spearman_r": 0.3247528215891437
    },
    "mutual_info": {
      "pearson_r": -0.3571933861995309,
      "spearman_r": -0.34237596961637584
    },
    "bipartition_entropy": {
      "pearson_r": -0.4044770289839883,
      "spearman_r": -0.38492546066236616
    },
    "chsh_proxy": {
      "pearson_r": -0.014573253346057344,
      "spearman_r": 0.00786032490714734
    }
  }
}