{
  "config": {
    "instances": 2,
    "seeds": 2,
    "anchor_hz": 200.0,
    "claim_scope": "quantum-inspired analog search heuristic; not QC replacement"
  },
  "rows": [
    {
      "problem": "maxcut",
      "instance_id": 0,
      "ablation": "no_rc",
      "quality_mean": 7.760728423045006,
      "quality_std": 0.8549708275778132,
      "quality_ci95": [
        6.905757595467193,
        8.61569925062282
      ],
      "time_mean_s": 0.05977535049896687,
      "time_std_s": 3.525055944919586e-07,
      "energy_mean_j": 0.8966302574845031,
      "stability_cv": 0.11016631184245924,
      "raw_quality": [
        6.905757595467193,
        8.61569925062282
      ],
      "raw_time": [
        0.059775703004561365,
        0.05977499799337238
      ]
    },
    {
      "problem": "maxcut",
      "instance_id": 0,
      "ablation": "rc_no_anchor",
      "quality_mean": 6.659875491029876,
      "quality_std": 0.6589500463901161,
      "quality_ci95": [
        6.000925444639759,
        7.3188255374199915
      ],
      "time_mean_s": 1.015967612998793,
      "time_std_s": 0.017095188988605514,
      "energy_mean_j": 15.239514194981894,
      "stability_cv": 0.09894329815589642,
      "raw_quality": [
        6.000925444639759,
        7.3188255374199915
      ],
      "raw_time": [
        1.0330628019873984,
        0.9988724240101874
      ]
    },
    {
      "problem": "maxcut",
      "instance_id": 0,
      "ablation": "rc_anchor",
      "quality_mean": 7.404367775891331,
      "quality_std": 0.7774682440563891,
      "quality_ci95": [
        6.626899531834942,
        8.18183601994772
      ],
      "time_mean_s": 1.0494910904963035,
      "time_std_s": 0.0005092625215183944,
      "energy_mean_j": 15.742366357444553,
      "stability_cv": 0.10500130025791408,
      "raw_quality": [
        8.18183601994772,
        6.626899531834942
      ],
      "raw_time": [
        1.0489818279747851,
        1.050000353017822
      ]
    },
    {
      "problem": "maxcut",
      "instance_id": 0,
      "ablation": "rc_anchor_rls",
      "quality_mean": 4.750614748338098,
      "quality_std": 0.5781143890501319,
      "quality_ci95": [
        4.172500359287966,
        5.32872913738823
      ],
      "time_mean_s": 4.349822187010432,
      "time_std_s": 0.013773746992228553,
      "energy_mean_j": 65.24733280515647,
      "stability_cv": 0.12169254289718462,
      "raw_quality": [
        5.32872913738823,
        4.172500359287966
      ],
      "raw_time": [
        4.336048440018203,
        4.36359593400266
      ]
    },
    {
      "problem": "maxcut",
      "instance_id": 1,
      "ablation": "no_rc",
      "quality_mean": 12.837053809435059,
      "quality_std": 0.7227583986602113,
      "quality_ci95": [
        12.114295410774847,
        13.55981220809527
      ],
      "time_mean_s": 0.05912017999798991,
      "time_std_s": 0.00023797500762157142,
      "energy_mean_j": 0.8868026999698486,
      "stability_cv": 0.05630251375350579,
      "raw_quality": [
        13.55981220809527,
        12.114295410774847
      ],
      "raw_time": [
        0.05935815500561148,
        0.058882204990368336
      ]
    },
    {
      "problem": "maxcut",
      "instance_id": 1,
      "ablation": "rc_no_anchor",
      "quality_mean": 11.061227887295736,
      "quality_std": 0.550507403209509,
      "quality_ci95": [
        10.510720484086228,
        11.611735290505246
      ],
      "time_mean_s": 0.9936695360229351,
      "time_std_s": 0.0011375530157238245,
      "energy_mean_j": 14.905043040344026,
      "stability_cv": 0.049769104191568894,
      "raw_quality": [
        10.510720484086228,
        11.611735290505246
      ],
      "raw_time": [
        0.9948070890386589,
        0.9925319830072112
      ]
    },
    {
      "problem": "maxcut",
      "instance_id": 1,
      "ablation": "rc_anchor",
      "quality_mean": 10.33656166877137,
      "quality_std": 0.8118477064550325,
      "quality_ci95": [
        9.524713962316337,
        11.148409375226402
      ],
      "time_mean_s": 1.0412297130096704,
      "time_std_s": 0.004997186013497412,
      "energy_mean_j": 15.618445695145056,
      "stability_cv": 0.07854136921639734,
      "raw_quality": [
        9.524713962316337,
        11.148409375226402
      ],
      "raw_time": [
        1.0462268990231678,
        1.036232526996173
      ]
    },
    {
      "problem": "maxcut",
      "instance_id": 1,
      "ablation": "rc_anchor_rls",
      "quality_mean": 8.231502797143037,
      "quality_std": 1.0984489543392568,
      "quality_ci95": [
        7.133053842803779,
        9.329951751482293
      ],
      "time_mean_s": 4.335199552006088,
      "time_std_s": 0.03534461901290342,
      "energy_mean_j": 65.02799328009132,
      "stability_cv": 0.1334445217853176,
      "raw_quality": [
        9.329951751482293,
        7.133053842803779
      ],
      "raw_time": [
        4.370544171018992,
        4.299854932993185
      ]
    },
    {
      "problem": "qubo",
      "instance_id": 0,
      "ablation": "no_rc",
      "quality_mean": 42.08840414428056,
      "quality_std": 1.8338392005400586,
      "quality_ci95": [
        40.2545649437405,
        43.922243344820615
      ],
      "time_mean_s": 0.005512705480214208,
      "time_std_s": 4.451349377632141e-05,
      "energy_mean_j": 0.08269058220321313,
      "stability_cv": 0.04357112696061347,
      "raw_quality": [
        43.922243344820615,
        40.2545649437405
      ],
      "raw_time": [
        0.00555721897399053,
        0.005468191986437887
      ]
    },
    {
      "problem": "qubo",
      "instance_id": 0,
      "ablation": "rc_no_anchor",
      "quality_mean": 38.92035373676486,
      "quality_std": 0.4019032291561686,
      "quality_ci95": [
        38.51845050760869,
        39.32225696592103
      ],
      "time_mean_s": 0.42336249598884024,
      "time_std_s": 0.002429271029541269,
      "energy_mean_j": 6.350437439832604,
      "stability_cv": 0.010326299495487978,
      "raw_quality": [
        38.51845050760869,
        39.32225696592103
      ],
      "raw_time": [
        0.42093322495929897,
        0.4257917670183815
      ]
    },
    {
      "problem": "qubo",
      "instance_id": 0,
      "ablation": "rc_anchor",
      "quality_mean": 38.237126096131576,
      "quality_std": 0.7771905190829322,
      "quality_ci95": [
        37.45993557704865,
        39.01431661521451
      ],
      "time_mean_s": 0.47491935049765743,
      "time_std_s": 0.0009091464744415134,
      "energy_mean_j": 7.1237902574648615,
      "stability_cv": 0.02032554740460895,
      "raw_quality": [
        37.45993557704865,
        39.01431661521451
      ],
      "raw_time": [
        0.4740102040232159,
        0.47582849697209895
      ]
    },
    {
      "problem": "qubo",
      "instance_id": 0,
      "ablation": "rc_anchor_rls",
      "quality_mean": 36.681154729042206,
      "quality_std": 0.5653082370940758,
      "quality_ci95": [
        36.11584649194813,
        37.246462966136285
      ],
      "time_mean_s": 3.8562396360212006,
      "time_std_s": 0.010032997990492731,
      "energy_mean_j": 57.84359454031801,
      "stability_cv": 0.015411407881510736,
      "raw_quality": [
        37.246462966136285,
        36.11584649194813
      ],
      "raw_time": [
        3.8662726340116933,
        3.846206638030708
      ]
    },
    {
      "problem": "qubo",
      "instance_id": 1,
      "ablation": "no_rc",
      "quality_mean": 52.60581427568717,
      "quality_std": 0.0,
      "quality_ci95": [
        52.60581427568717,
        52.60581427568717
      ],
      "time_mean_s": 0.005439999484224245,
      "time_std_s": 4.992500180378556e-06,
      "energy_mean_j": 0.08159999226336367,
      "stability_cv": 0.0,
      "raw_quality": [
        52.60581427568717,
        52.60581427568717
      ],
      "raw_time": [
        0.0054449919844046235,
        0.005435006984043866
      ]
    },
    {
      "problem": "qubo",